<?xml version="1.0" encoding="ISO-8859-1" ?>
<database>
	<name>*dbname*</name>
	<create>true</create>
	<overwrite>false</overwrite>
	<charset>utf8</charset>
	<table>
		<name>*dbprefix*ocdownloader_queue</name>
		<declaration>
			<field>
				<name>ID</name>
				<type>integer</type>
				<default>0</default>
				<notnull>true</notnull>
				<autoincrement>1</autoincrement>
				<length>4</length>
			</field>
			<field>
				<name>UID</name>
				<type>text</type>
				<length>64</length>
			</field>
			<field>
				<name>GID</name>
				<type>text</type>
				<notnull>true</notnull>
				<length>32</length>
			</field>
			<field>
				<name>FILENAME</name>
				<type>text</type>
				<notnull>true</notnull>
				<length>255</length>
			</field>
			<field>
				<name>PROTOCOL</name>
				<type>text</type>
				<notnull>true</notnull>
				<length>10</length>
			</field>
			<field>
				<name>STATUS</name>
				<type>integer</type>
				<default>1</default>
				<notnull>true</notnull>
				<length>1</length>
			</field>
			<field>
				<name>IS_CLEANED</name>
				<type>integer</type>
				<default>0</default>
				<notnull>true</notnull>
				<length>1</length>
			</field>
			<field>
				<name>TIMESTAMP</name>
				<type>integer</type>
				<default>0</default>
				<notnull>true</notnull>
				<length>15</length>
			</field>
		</declaration>
	</table>
	<table>
		<name>*dbprefix*ocdownloader_adminsettings</name>
		<declaration>
			<field>
				<name>ID</name>
				<type>integer</type>
				<default>0</default>
				<notnull>true</notnull>
				<autoincrement>1</autoincrement>
				<length>4</length>
			</field>
			<field>
				<name>KEY</name>
				<type>text</type>
				<notnull>true</notnull>
				<length>100</length>
			</field>
			<field>
				<name>VAL</name>
				<type>text</type>
				<length>255</length>
			</field>
		</declaration>
	</table>
	<table>
		<name>*dbprefix*ocdownloader_personalsettings</name>
		<declaration>
			<field>
				<name>ID</name>
				<type>integer</type>
				<default>0</default>
				<notnull>true</notnull>
				<autoincrement>1</autoincrement>
				<length>4</length>
			</field>
			<field>
				<name>UID</name>
				<type>text</type>
				<notnull>true</notnull>
				<length>64</length>
			</field>
			<field>
				<name>KEY</name>
				<type>text</type>
				<notnull>true</notnull>
				<length>100</length>
			</field>
			<field>
				<name>VAL</name>
				<type>text</type>
				<length>255</length>
			</field>
		</declaration>
	</table>
</database>