<?xml version="1.0"?>
<info>
	<id>ocdownloader</id>
	<name>ocDownloader</name>
	<description>Easy to use downloader client. ocDownloader now uses Aria2 to allow downloading via HTTP(S), FTP(S), YouTube videos, BitTorrent files</description>
	<version>1.5</version>
	<licence>Creative Commons by-sa</licence>
	<author>Xavier Beurois</author>
	<website>http://www.sgc-univ.net</website>
	<bugs>https://github.com/DjazzLab/ocdownloader/issues</bugs>
	<repository type="git">https://github.com/DjazzLab/ocdownloader.git</repository>
	<dependencies>
		<owncloud min-version="8.0" />
		<php min-version="5.3.0" />
		<lib>curl</lib>
		<os>Linux</os>
	</dependencies>
	<documentation>
		<user>https://wiki.sgc-univ.net/index.php/OCDownloader:User_Documentation</user>
	</documentation>
</info>
